,Date,Cases,Deaths,New Cases,New Deaths,Sentiment,Polarity,Subjectivity,VADER,VADER (Positive),VADER (Negative),VADER (Neutral),Search Term: COVID,Search Term: Online Therapy,Search Term: Symptoms,Search Term: Vaccine,Duration,Danceability,Energy,Key,Loudness,Mode,Speechiness,Acousticness,Instrumentalness,Liveness,Valence,Tempo,Time Signature
799,2020-01-01,0.0,0.0,0.0,0.0,-0.21852046821956128,-0.4593765769677749,-0.015280690908609618,-0.2387305019500366,0.0290495073523752,-0.06676562643931254,0.019420919465964873,0,28.0,12.0,10.0,194650.94318181818,-0.2783323264828214,0.06862306128853302,5.2727272727272725,-5.810883999361577,-0.005277293446202425,-0.38553487643355044,-0.3273273887257409,-0.5115918922774344,-0.35847347258224405,-0.053275554334376585,121.80689515537557,4.0
800,2020-01-02,0.0,0.0,0.0,0.0,-0.24844668152003732,-0.4594674026233853,-0.011397522043949282,-0.26578677780144555,0.039367926130716144,-0.03397421280195213,-0.011337497324796508,0,58.0,16.0,19.0,191879.80459770115,-0.4043084049284814,0.04536555083921223,5.390804597701149,-6.14904824962281,-0.010697878608166955,-0.3767340796728399,-0.2950539683365037,-0.5113552395194667,-0.36676359797409364,-0.0849188602382428,121.09546496990015,3.9885057471264367
801,2020-01-03,0.0,0.0,0.0,0.0,-0.24776132089096906,-0.4619964384083809,-0.013360147975674752,-0.2642431318714956,0.04641826048611861,-0.04462135563196479,-0.01026466988293856,0,36.0,16.0,19.0,192800.12426035502,-0.3576465663176609,0.04371286091198656,5.378698224852071,-6.13858535089466,-0.012976325183695736,-0.38051484550294257,-0.3005990158438151,-0.5119427452087819,-0.36428522621322845,-0.08689255608262836,120.11024141008241,3.9940828402366866
802,2020-01-04,0.0,0.0,0.0,0.0,-0.24402100624700812,-0.4623053607182928,-0.014371898535926686,-0.26158349939839654,0.03928801902316797,-0.05395181871809361,0.002097874620593113,0,46.0,14.0,14.0,191850.45664739885,-0.3292248700123025,0.04540797326961554,5.22543352601156,-6.153730064784593,-0.030796210944888713,-0.3746770269853108,-0.3006642169246374,-0.5121311673362231,-0.3671874767861326,-0.08130678462864876,120.39963054029413,3.994219653179191
803,2020-01-05,0.0,0.0,0.0,0.0,-0.2423745021825195,-0.46288214548465084,-0.012393271112789428,-0.26073923738019,0.044740126857886656,-0.03999584696580975,-0.01194498253206777,0,37.0,15.0,12.0,191775.2643678161,-0.3117940597747063,0.041509229000131764,5.32183908045977,-6.191140203645798,-0.027939257918511706,-0.37709499921306977,-0.2945668878767336,-0.5121753366459035,-0.3666773910775419,-0.07849357288192099,119.89304542967025,3.9942528735632186
804,2020-01-06,0.0,0.0,0.0,0.0,-0.25128151577232605,-0.46242630525798517,-0.012762201367546466,-0.266429828549791,0.05570144946995823,-0.03337716254013798,-0.025782037684456638,<1,49.0,15.0,19.0,192170.10344827586,-0.33203827438415545,0.04626210256335017,5.252873563218391,-6.098691927783728,-0.02219213148173016,-0.37823235553490886,-0.3044913246583428,-0.512178100439007,-0.3665544025717947,-0.08066598667502445,120.14751094691164,3.9942528735632186
805,2020-01-07,0.0,0.0,0.0,0.0,-0.2530845982203284,-0.4618626700808254,-0.012731742045537175,-0.2688319546533373,0.04853526679007347,-0.041098052391799283,-0.01442131074359633,0,57.0,16.0,20.0,192170.10344827586,-0.33203827438415545,0.04626210256335017,5.252873563218391,-6.098691927783728,-0.02219213148173016,-0.37823235553490886,-0.3044913246583428,-0.512178100439007,-0.3665544025717947,-0.08066598667502445,120.14751094691164,3.9942528735632186
806,2020-01-08,0.0,0.0,0.0,0.0,-0.2609395432918277,-0.4634996471716672,-0.010900679272438984,-0.27594199374540707,0.04617583620809887,-0.0387309667774277,-0.013986913423280201,0,40.0,15.0,21.0,192492.30459770115,-0.34121679541471084,0.04444601060932718,5.2988505747126435,-6.120186180657292,-0.016445005044948502,-0.37815764289123066,-0.2946936235089175,-0.5121786722780874,-0.3690130232614499,-0.07856828552559919,119.8664304871415,3.9942528735632186
807,2020-01-09,0.0,0.0,0.0,0.0,-0.25376198912710635,-0.463366925992056,-0.013226314947834994,-0.273873409312528,0.03877789066524894,-0.036417356594786926,-0.009181381134762984,0,48.0,16.0,21.0,192029.5340909091,-0.34761865786884977,0.04542419765216943,5.3125,-6.10354877208885,-0.016640929809838778,-0.37820817188809586,-0.29552529781665,-0.5122686733569798,-0.370345063491335,-0.07663350887983117,119.74170765537558,3.9943181818181817
808,2020-01-10,0.0,0.0,0.0,0.0,-0.25479684496189214,-0.46532016756681127,-0.00858539381843626,-0.2783194664169006,0.035335523641903975,-0.024996128884818784,-0.013829052222167256,0,43.0,15.0,21.0,193467.84375,-0.28791114059549205,0.040401470379442195,5.28125,-6.141894226634303,-0.046186384355293375,-0.3735348196153686,-0.30795378133937723,-0.5113977412206162,-0.37125568849133495,-0.07521106569801295,120.6869962917392,3.99375
809,2020-01-11,0.0,0.0,0.0,0.0,-0.2519166310620264,-0.46431143365204414,-0.009908807791805252,-0.27555043382071803,0.03468904135449706,-0.025500649440799137,-0.012985572806008068,0,38.0,13.0,16.0,192390.01234567902,-0.29718276928681286,0.042903013589318695,5.382716049382716,-6.158402868609613,-0.05220490287381191,-0.3737103674548748,-0.30769701814493283,-0.5113997885786409,-0.3690763906518288,-0.07467522464863019,121.26846943988735,3.993827160493827
810,2020-01-12,0.0,0.0,0.0,0.0,-0.2609450158810437,-0.46681673338359075,-0.008327018558544674,-0.28438574369940905,0.03416045290870599,-0.00952256346973333,-0.023235556510079247,0,40.0,13.0,13.0,192053.5,-0.30304287243927086,0.034886226477003124,5.329268292682927,-6.262582031512352,-0.05197906728212265,-0.37378468242024665,-0.2899245052723041,-0.5115921146596406,-0.36953134397913984,-0.07762196508825692,120.92706519417824,3.9939024390243905
811,2020-01-13,0.0,0.0,0.0,0.0,-0.2689554314277387,-0.46568419945326084,-0.009437718076630741,-0.2910996714549935,0.03640535103139889,-0.012822911391998908,-0.02296422602499349,0,56.0,15.0,23.0,194519.31097560975,-0.309049604574836,0.028508177696515258,5.2682926829268295,-6.28876495834162,-0.04588150630651289,-0.37456943851780766,-0.2823030845405968,-0.5115632204523235,-0.3748502464181642,-0.0767500138687447,120.35366885271483,3.9939024390243905
812,2020-01-14,0.0,0.0,0.0,0.0,-0.2793053697178955,-0.4666656254942748,-0.010093217550553257,-0.300599301853842,0.028313361009181165,-0.0030911214662546517,-0.02254606118061997,0,49.0,15.0,22.0,193895.2530120482,-0.27562824785231715,0.03211683182522529,5.204819277108434,-6.2726303712126175,-0.05175867351191987,-0.37407166449488666,-0.29330476379419657,-0.5116862602929053,-0.37492533457567234,-0.07641938648114549,120.61906225559463,3.9939759036144578
813,2020-01-15,0.0,0.0,0.0,0.0,-0.2746033642324463,-0.46663616348058,-0.009847254063236388,-0.29641715223431975,0.03012660074638441,-0.005934320957221722,-0.022206807607865545,0,48.0,16.0,24.0,193674.375,-0.28373768607716765,0.036228851331823075,5.1726190476190474,-6.226772798062877,-0.05154352721243621,-0.3750785993772734,-0.2934913852084249,-0.5117868468039495,-0.37379803968181113,-0.07462639307896535,120.2362617679297,3.994047619047619
814,2020-01-16,0.0,0.0,0.0,0.0,-0.2800607810085874,-0.46667109468122014,-0.00990552750803253,-0.30072980875946154,0.032533313466880064,-0.007935979161230452,-0.022928744897527643,0,54.0,15.0,21.0,194319.2380952381,-0.28467054978003953,0.03274075609372784,5.291666666666667,-6.28143351234859,-0.04559114626005528,-0.3753524089010829,-0.2895927542560439,-0.5118072039468067,-0.374830182538954,-0.07504901212658438,120.51174391078683,3.994047619047619
815,2020-01-17,0.0,0.0,0.0,0.0,-0.36380324805917075,-0.47496538127167853,-0.008547487932593523,-0.3743670093713609,0.0254586150660372,0.04945466385350235,-0.055225161226712116,0,35.0,14.0,19.0,195506.8992248062,-0.29565933295550795,0.04030554014688392,5.387596899224806,-6.133365544463761,-0.06081816730102979,-0.36987706283242283,-0.3098556912715478,-0.5126588566004612,-0.37077907511924196,-0.07471879341119125,120.91675927623534,3.992248062015504
816,2020-01-18,0.0,0.0,0.0,0.0,-0.35696315280260005,-0.4771331550860952,-0.01087993221425132,-0.3698025160959847,0.01096419470566735,0.040368915893556324,-0.036681061919922056,0,42.0,13.0,16.0,191913.07352941178,-0.2574476532631794,0.038158823320618596,5.382352941176471,-6.139528050163715,-0.06309814906117572,-0.37064757696830974,-0.31014008023643613,-0.513040141117675,-0.37226271055015847,-0.07513514658036591,122.21200511526862,3.9926470588235294
817,2020-01-19,0.0,0.0,0.0,0.0,-0.35875385259969905,-0.4771704215228967,-0.009994853381410262,-0.37064761019296166,0.01847972625991142,0.044785557636938964,-0.046112252808558164,0,49.0,13.0,12.0,190740.39310344827,-0.27396482823755763,0.03406095313806279,5.393103448275862,-6.211597674910166,-0.071617418838052,-0.37311316013261,-0.3045738108652394,-0.5107301237033748,-0.37654704624995566,-0.0748320786290474,121.3735592227737,3.9931034482758623
818,2020-01-20,0.0,0.0,0.0,0.0,-0.35806096230975015,-0.47572761012241693,-0.008624401347977484,-0.3688989377689851,0.029187856420291057,0.04049851929336924,-0.05245036668377293,0,64.0,14.0,17.0,192191.88888888888,-0.29070454912798055,0.032422303712775546,5.305555555555555,-6.178705337745415,-0.061464162133071154,-0.3760500279487019,-0.30264165703382173,-0.5106671070122828,-0.376157563491335,-0.07561696847579075,121.41576573618367,3.9930555555555554
0,2020-01-21,1.0,0.0,0.0,0.0,-0.3528567646784539,-0.47521374157416285,-0.009326560047830501,-0.36455769864928045,0.028728835638490553,0.039616930165514305,-0.05146502938862599,<1,55.0,18.0,22.0,196841.38888888888,-0.3670438954796613,0.02757508149055321,5.284722222222222,-6.274406726634304,-0.04757527324418226,-0.37877502794870194,-0.29010485147826615,-0.5106506489567273,-0.3753846468246683,-0.08509613514245734,120.66777962507254,4.0
1,2020-01-22,1.0,0.0,0.0,0.0,-0.35476096058783946,-0.4747076201725404,-0.009567857338268482,-0.3670100521851338,0.02567424861810621,0.0408968687519574,-0.04971185248022709,0,52.0,18.0,22.0,193656.04109589042,-0.31639095828597663,0.027382634763003733,5.335616438356165,-6.325244911565811,-0.05423432956077284,-0.37624049598523157,-0.28936623656198,-0.5086766786589724,-0.367455166231061,-0.07927026946513627,120.86002677119127,3.993150684931507
2,2020-01-23,1.0,0.0,0.0,0.0,-0.3513047340462132,-0.47508129005999,-0.010604403739079782,-0.3639640397642173,0.024411121770639393,0.0333738096817497,-0.04358648109392155,<1,61.0,18.0,23.0,194768.0684931507,-0.3282498283717998,0.027738799146565407,5.321917808219178,-6.255443541702798,-0.047385014492279665,-0.37953433160166994,-0.2896518530003362,-0.5107657713986984,-0.37635585116256787,-0.07485246124595824,120.713499373931,3.993150684931507
3,2020-01-24,2.0,0.0,1.0,0.0,-0.3257318653341874,-0.4706788420608886,-0.009993373261905303,-0.34066261219314303,0.038521286118501044,0.01327383528452972,-0.04227722527890809,<1,53.0,21.0,23.0,193078.08783783784,-0.3268102963786232,0.033958902811874525,5.337837837837838,-6.262810442850521,-0.04044314111205011,-0.38006770812888213,-0.29307740177856645,-0.5108923435719676,-0.37708323916701064,-0.07320996772504001,120.65163885930679,3.9932432432432434
4,2020-01-25,3.0,0.0,1.0,0.0,-0.30551661256455465,-0.4695963147675454,-0.012427058743470498,-0.3220522628471641,0.01389089275948407,-0.0199831454372062,0.0011289508975449959,0,38.0,20.0,17.0,190519.16666666666,-0.27272100996706183,0.03462903448200616,5.435897435897436,-6.257722431762508,-0.033686384355293364,-0.37532727153844553,-0.2982866741278388,-0.5103539176052315,-0.3755883327221042,-0.07485601762108984,121.45263539430331,3.9935897435897436
5,2020-01-26,5.0,0.0,2.0,0.0,-0.30998390521045166,-0.4711923278056657,-0.011158379844390165,-0.3275059737988071,0.01717615153089508,-0.007462385755521307,-0.010076652953400525,<1,32.0,21.0,17.0,191571.43125,-0.29285531822071287,0.024295220379442206,5.4,-6.370937976634304,-0.033686384355293364,-0.3771160696153686,-0.2798476688393773,-0.5105703484706162,-0.377656313491335,-0.07749231569801301,121.03933379173921,3.9875
6,2020-01-27,5.0,0.0,0.0,0.0,-0.31303018239904146,-0.4694058578373866,-0.008890068411671392,-0.3291989739174425,0.04172860951503606,0.0023886150655918897,-0.03770775863360839,0,56.0,26.0,24.0,195188.24223602485,-0.37538623354854583,0.013653178453976289,5.409937888198757,-6.664466897441757,-0.0057360737962871555,-0.38000792132344313,-0.2595930743906195,-0.5082970007609888,-0.36637231504413004,-0.08686818914521793,120.05240514267089,3.981366459627329
7,2020-01-28,5.0,0.0,0.0,0.0,-0.3031350852663416,-0.46803611028598713,-0.008986128284262263,-0.32092040935777816,0.03880675079532465,-0.011045198031159161,-0.026240416181251808,0,50.0,27.0,27.0,194959.25308641975,-0.3674815352415024,0.01592214939178782,5.425925925925926,-6.604834967375044,-0.015167865836774874,-0.37862024399808464,-0.2653825057992538,-0.5084075106774063,-0.365561575837014,-0.08512707650048207,120.90419166210958,3.9814814814814814
8,2020-01-29,5.0,0.0,0.0,0.0,-0.29790555363804905,-0.4672714008151971,-0.010681322528046766,-0.31599719010884053,0.03776974230138014,-0.017506303616715364,-0.02105991475326787,<1,43.0,26.0,27.0,194294.0487804878,-0.3267057566096791,0.01937403135505189,5.4573170731707314,-6.518533251024547,-0.01539370142846408,-0.3774944385178076,-0.2704941821015724,-0.5085736056962259,-0.36783317324743253,-0.0805378187467935,121.09504080393434,3.9878048780487805
9,2020-01-30,6.0,0.0,1.0,0.0,-0.2935966292819283,-0.46691581780465813,-0.01009487347461513,-0.31288952212662485,0.039237232836682547,-0.02407472940110979,-0.01791542349267361,0,47.0,27.0,25.0,193817.20359281436,-0.319948864177924,0.020900721876448092,5.455089820359281,-6.514932549987597,-0.012728300522958036,-0.37746167964530875,-0.2741365973199162,-0.5087813048852868,-0.37164932995840083,-0.08088997662615671,120.99873147137993,3.9880239520958085
10,2020-01-31,7.0,0.0,1.0,0.0,-0.29220050531936437,-0.46770488956609074,-0.012120946253430964,-0.3113079930594974,0.02610223830303518,-0.023702941789539442,-0.006874056500517587,0,41.0,27.0,25.0,193505.44827586206,-0.3408736731331947,0.029205780724269714,5.296551724137931,-6.321204571461889,-0.016445005044948502,-0.38225936702916175,-0.2925261350031704,-0.5070785233585472,-0.3686553221120246,-0.08276311311180606,121.28542129173923,3.9931034482758623
11,2020-02-01,8.0,0.0,1.0,0.0,-0.27709290822647314,-0.46707414648136775,-0.01323305965498267,-0.2984661274078313,0.01834672918630443,-0.03983530712496809,0.01054422413257993,0,40.0,22.0,19.0,191302.3660130719,-0.285525021575107,0.029340195869638208,5.326797385620915,-6.340780501144108,-0.01734651507424756,-0.375953867817983,-0.2965986292560439,-0.5077585234297665,-0.36867439355669446,-0.08121643743003915,121.91961867736013,3.9934640522875817
12,2020-02-02,11.0,0.0,3.0,0.0,-0.28101885160722284,-0.4680881546455394,-0.013092377713525338,-0.3024120447786841,0.020395492991770674,-0.03303116457908217,0.0042256380254924505,0,47.0,20.0,16.0,191883.59146341463,-0.30891308793539135,0.026319153306271437,5.408536585365853,-6.418374714439182,-0.01539370142846408,-0.3811029751031735,-0.2890128101503529,-0.5085809700254942,-0.3705106122718228,-0.08031098947850074,120.57182129173921,3.9939024390243905
13,2020-02-03,11.0,0.0,0.0,0.0,-0.27578859459389693,-0.46617637961562014,-0.012360074026961931,-0.2978970275853302,0.029737189991562413,-0.0369066049584906,-0.0011930795479144036,0,39.0,20.0,21.0,195145.2048192771,-0.32966690668855714,0.03753851857221313,5.409638554216867,-6.243732780851172,-0.033686384355293364,-0.38359274883223604,-0.28395746861347365,-0.5086388872808572,-0.3711235273467567,-0.06573866358957925,120.52134538812476,3.9819277108433737
14,2020-02-04,11.0,0.0,0.0,0.0,-0.2783533243433438,-0.465014109606653,-0.012723176515603285,-0.3003290648600761,0.028940904177316935,-0.03673689267160089,-0.0006286566017339669,0,45.0,20.0,21.0,195312.20958083833,-0.3459126395728247,0.029252817684831345,5.245508982035928,-6.400160094897776,-0.03069237237924549,-0.38303772754950033,-0.27863496258937726,-0.508786283927203,-0.37296609642546674,-0.08056243171597699,120.85266560311646,3.9820359281437128
15,2020-02-05,12.0,0.0,1.0,0.0,-0.27184742723125355,-0.46373001133910324,-0.013359477588139157,-0.29410159765053867,0.030698171554545607,-0.046532432860475884,0.004407837969615789,<1,41.0,20.0,24.0,194609.4,-0.34249189836381544,0.02781941155591272,5.382352941176471,-6.415611873693127,-0.021921678472940465,-0.38288360638007446,-0.27839771553055376,-0.5089973882206161,-0.374307857608982,-0.07926676422742468,120.3145330564451,3.988235294117647
16,2020-02-06,12.0,0.0,0.0,0.0,-0.2733991017792249,-0.46279087779722633,-0.01330258460119782,-0.2951157267380752,0.02774861839932785,-0.046366945226146705,0.006804547764225401,0,45.0,19.0,23.0,194356.7117647059,-0.34394058082004,0.024972352732383296,5.376470588235295,-6.427888344281364,-0.021921678472940465,-0.3832906652036039,-0.27813283317761256,-0.5089973882206161,-0.373927857608982,-0.08220205834507183,120.49623893879803,3.9823529411764707
17,2020-02-07,12.0,0.0,0.0,0.0,-0.25484341906172336,-0.46154366851119477,-0.010854328697440185,-0.27879199791896886,0.05005734510975431,-0.030347376191349962,-0.023084206660793936,0,45.0,19.0,22.0,194969.5393939394,-0.32068716545290965,0.03809313704610884,5.33939393939394,-6.219524529664607,-0.012474263143172126,-0.3849841946153686,-0.28992084137725604,-0.5108380497660707,-0.3709458968246683,-0.07043521342528564,119.7752879584059,3.987878787878788
18,2020-02-08,12.0,0.0,0.0,0.0,-0.2515892718391881,-0.46150920265223677,-0.009818117836762452,-0.27567975258930044,0.04592454276457083,-0.037765776285238375,-0.014568566136293063,0,29.0,17.0,18.0,192398.10588235295,-0.29797783743618866,0.034791176261795065,5.405882352941177,-6.2581412854578335,-0.027804031414116914,-0.38394242990948624,-0.29545230376584786,-0.5111057013382633,-0.3740466811383938,-0.07514617599213064,120.9877212917392,3.988235294117647
19,2020-02-09,12.0,0.0,0.0,0.0,-0.25614641110849046,-0.4628363077353318,-0.009698096820129232,-0.28007097012782856,0.04199563424827713,-0.022498626238969154,-0.021467373867719332,0,32.0,17.0,15.0,192631.6,-0.298485816998761,0.031020756093727786,5.434285714285714,-6.377574226634303,-0.0251149557838648,-0.38366305175822574,-0.28513655116080583,-0.5101129341920447,-0.370284563491335,-0.08167079784087011,120.67372986316778,3.9885714285714284
20,2020-02-10,13.0,0.0,1.0,0.0,-0.26694669404324395,-0.46149375284043864,-0.0075073855537433065,-0.2907852347266334,0.050352525827345875,-0.014305052756910113,-0.03405969197152843,<1,49.0,19.0,20.0,194777.48538011697,-0.3529581991006253,0.029124715993477213,5.345029239766082,-6.372895396224948,-0.013218548097983396,-0.38453635835805866,-0.2813573953379153,-0.509040309501318,-0.3719734991638496,-0.08061144946994281,120.60782129173921,3.9883040935672516
21,2020-02-11,13.0,0.0,0.0,0.0,-0.26327588264474167,-0.46075258132906516,-0.0073337272908136075,-0.2868057920992607,0.057618554232041624,-0.02265360713340849,-0.03470700599447404,<1,54.0,20.0,23.0,194174.18713450292,-0.3433131521609911,0.028107172133828073,5.345029239766082,-6.386351536575825,-0.024914454530731933,-0.3851077033872984,-0.2813118865659855,-0.50904730423816,-0.37389221261414196,-0.0804827944991825,120.38546456659301,3.9883040935672516
22,2020-02-12,14.0,0.0,1.0,0.0,-0.2643858376575854,-0.4616856290049078,-0.0063833521254919035,-0.28842169715053756,0.05426478370091529,-0.02037365471106631,-0.03332608674775062,<1,33.0,19.0,22.0,194436.9707602339,-0.32349934532572444,0.026516528858974264,5.3391812865497075,-6.437942179850678,-0.024914454530731933,-0.38506150455688903,-0.2807464479694942,-0.5090437457586279,-0.3737822710936741,-0.08010618631204808,120.46837099934156,3.9883040935672516
23,2020-02-13,15.0,0.0,1.0,0.0,-0.26395068245159353,-0.4606368550981451,-0.006110693791702815,-0.2868554900387602,0.058294285282205316,-0.02923591896241638,-0.030887420372774706,<1,45.0,18.0,23.0,194112.03488372092,-0.33414538432515184,0.025583447123628256,5.401162790697675,-6.447908180122676,-0.022058477378549157,-0.38663035740606627,-0.27415583468240057,-0.5099391462322441,-0.36816395884017217,-0.08343003372126878,119.59168757080899,3.988372093023256
24,2020-02-14,15.0,0.0,0.0,0.0,-0.25042046846959143,-0.4580368362939852,-0.006822285853736676,-0.26034051122423174,0.05247000669942302,-0.04748095330354332,-0.01363156106951552,<1,23.0,16.0,24.0,196170.85714285713,-0.3541490226077166,0.04073323729673539,5.458646616541353,-6.18562806122077,-0.022408188866571588,-0.3908523149161205,-0.28289216559689606,-0.5085989694762553,-0.3706731649950944,-0.052018467013802416,119.64357317143846,3.9774436090225564
25,2020-02-15,15.0,0.0,0.0,0.0,-0.2622795361660062,-0.4616433179470777,-0.009380104376843001,-0.27751588469777594,0.030879900556289343,-0.037193986096175816,-0.0019514599100763968,<1,43.0,15.0,18.0,194392.161971831,-0.3146429412529279,0.0455898506611323,5.422535211267606,-6.109305494239937,-0.040728637876420115,-0.3833612368688897,-0.28674286399782795,-0.5093295814459683,-0.3745311550406307,-0.05578681393744955,121.43903960159837,3.9859154929577465
26,2020-02-16,15.0,0.0,0.0,0.0,-0.27914612046545334,-0.4632084753225783,-0.00858419948302147,-0.2958382859004185,0.027304250012365278,-0.017707943086493663,-0.011949248195389162,<1,51.0,17.0,15.0,194802.26623376625,-0.36293821828808964,0.038545950898922654,5.376623376623376,-6.180776044816122,-0.033686384355293364,-0.38944705175822575,-0.27465946908288374,-0.5101413599478889,-0.37400139466016613,-0.06292352511359739,121.18615895407689,3.9805194805194803
27,2020-02-17,25.0,0.0,10.0,0.0,-0.27087600926327315,-0.4607451134200689,-0.00719776115674442,-0.28822097305824534,0.05142558014066194,-0.01700150872265496,-0.033151591781192875,<1,39.0,18.0,21.0,195184.71895424835,-0.3653244996351524,0.033176797176827755,5.372549019607843,-6.261917756046069,-0.030418410499084225,-0.3904826259879176,-0.274512923373691,-0.5078929679395704,-0.37531753081159636,-0.06402231978298029,120.25476900415751,3.9869281045751634
28,2020-02-18,25.0,0.0,0.0,0.0,-0.27146184388814576,-0.4602831174016768,-0.007529561798106044,-0.29242592654388555,0.049576357366824274,-0.012530564706783629,-0.03451719906777049,<1,47.0,18.0,23.0,196075.22435897434,-0.3462498054190646,0.030846983199954936,5.365384615384615,-6.2357224317625075,-0.033686384355293364,-0.39081316897434293,-0.2750341036150183,-0.5081316017718982,-0.3744537173374888,-0.06485153044160269,119.35936616353409,3.980769230769231
29,2020-02-19,25.0,0.0,0.0,0.0,-0.2822482672680958,-0.46226679981075885,-0.010102326637009273,-0.3041806128530288,0.042052617597688496,-0.0006453720470174402,-0.036131387681514714,<1,53.0,18.0,23.0,195576.58598726115,-0.3602874006918406,0.03670162961511092,5.350318471337579,-6.207928621538763,-0.03687109773108954,-0.38761247487014566,-0.28235523010530084,-0.510434380277941,-0.37520007941490185,-0.06414424643049704,120.56663657836343,3.9808917197452227
30,2020-02-20,27.0,0.0,2.0,0.0,-0.28771963402347756,-0.4626549126121801,-0.010127966871007366,-0.31065006933737693,0.0465301881673517,0.012091352817726756,-0.04856548534455212,<1,55.0,17.0,23.0,195270.3765432099,-0.3783073609291512,0.03749560618191128,5.395061728395062,-6.1709892883626996,-0.008995026330602007,-0.3863282686894427,-0.28100417246592047,-0.5107335096280236,-0.37006774867652015,-0.06427584193258085,120.16665462507255,3.9753086419753085
31,2020-02-21,30.0,0.0,3.0,0.0,-0.3211783599020576,-0.45995922142424484,-0.020397060872322625,-0.32191047199910183,-0.016214929388010738,-0.0698804519589283,0.06023803576874507,<1,52.0,15.0,23.0,195335.46853146853,-0.39488483940142377,0.047781715134686875,5.594405594405594,-6.069891429431506,-0.04417589484480383,-0.3851090897202637,-0.2964401234285381,-0.5130198557520848,-0.37147102502979645,-0.06108626237633469,120.01740870432663,3.986013986013986
32,2020-02-22,30.0,0.0,0.0,0.0,-0.319944121131162,-0.4624014123948601,-0.019570043454487984,-0.32891531070877933,-0.01530462886974593,-0.05339486215433481,0.04844029208477831,1,36.0,15.0,19.0,195115.47826086957,-0.3890605089446799,0.05574696727385209,5.366459627329193,-6.005851990609459,-0.030580794293181612,-0.38551040579549284,-0.3051723290490046,-0.513782087593287,-0.37321082436090014,-0.06347874815142912,122.36488340354046,3.9937888198757765
33,2020-02-23,30.0,0.0,0.0,0.0,-0.3142631347189503,-0.4618956026355624,-0.018097415925570903,-0.32369877487947174,-0.005208052028010307,-0.04537499767976079,0.034429927219663606,1,28.0,16.0,16.0,195868.1219512195,-0.39751238693497754,0.050800860623344546,5.371951219512195,-6.0928381290733284,-0.027588823379683602,-0.3875267555909784,-0.29601334063815776,-0.5138706781962259,-0.37445512446694473,-0.06753842850289105,122.16801641369044,3.9939024390243905
34,2020-02-24,43.0,0.0,13.0,0.0,-0.31417222240277054,-0.46206965836008734,-0.016745266392715563,-0.32657965066072636,0.005888559833792981,-0.029418862428639486,0.01419137212865476,1,43.0,18.0,28.0,197643.98773006134,-0.4425899579394998,0.04252831087023967,5.398773006134969,-6.1884745947324635,-0.030618899692716695,-0.39475450136383483,-0.2836012693378435,-0.5117201620672419,-0.375855262877838,-0.06581284867347315,119.22536730400915,3.9877300613496933
35,2020-02-25,45.0,0.0,2.0,0.0,-0.3178729039084296,-0.46243520841012187,-0.01592169389639586,-0.33342006379519906,0.008719193223668327,-0.01645145487486034,0.0030966168224122632,1,56.0,20.0,36.0,197462.8780487805,-0.4253617813816888,0.04119598257456403,5.396341463414634,-6.196161299805036,-0.02149126240407384,-0.3938456580300027,-0.2864112064918163,-0.5117958463059821,-0.37484536836938376,-0.06445916021020803,120.27694324295874,3.9878048780487805
36,2020-02-26,60.0,0.0,15.0,0.0,-0.3152252305940896,-0.4623709468562336,-0.015334922343879898,-0.33155824290251146,0.013604374685545822,-0.013538404517013106,-0.0030750686968574782,2,40.0,25.0,41.0,196460.8606060606,-0.40933748582279333,0.038437379470351196,5.448484848484848,-6.216379075119152,-0.036716687385596414,-0.3924223764335504,-0.28259465955907426,-0.5118233016448586,-0.3759440786428501,-0.06357036494043716,120.04120917052708,3.981818181818182
37,2020-02-27,60.0,0.0,0.0,0.0,-0.31885093821979726,-0.4646075658864114,-0.015281444509704145,-0.3343758617979018,0.016664963467811024,-0.008996756056194835,-0.008715168384132681,3,39.0,30.0,43.0,195555.36094674555,-0.3868358163814858,0.03738623369305161,5.396449704142012,-6.180674108291107,-0.030727804473636544,-0.39039236029584196,-0.2834635661396731,-0.5120200407117405,-0.3717574155623409,-0.06313811821280585,120.31204614381022,3.9822485207100593
38,2020-02-28,65.0,0.0,5.0,0.0,-0.3541267875152234,-0.4703845244966783,-0.017546548332873946,-0.3674017659357145,0.005283592591496413,0.018663088815538565,-0.01750577570146625,3,30.0,28.0,45.0,195543.3355704698,-0.37183412624623524,0.0439459334666904,5.570469798657718,-6.0053089917349745,-0.04375349844925308,-0.3888632550180532,-0.28874512366320276,-0.5132293709118914,-0.37248424134368396,-0.05935693398660352,120.29947900986002,3.9865771812080535
39,2020-02-29,70.0,1.0,5.0,1.0,-0.3992290315536001,-0.47034691094902953,-0.011831157376642976,-0.4109120187756892,-0.07300253824878457,-0.010125459696747961,0.06914123564728966,3,40.0,29.0,37.0,194782.125,-0.2897302248160921,0.058057720379442124,5.55625,-5.882481726634305,-0.03993638435529334,-0.39400981961536863,-0.29401196258937723,-0.5136772355331162,-0.372885063491335,-0.0440004406980129,119.65899004173922,3.98125
40,2020-03-01,88.0,3.0,18.0,2.0,-0.39848556098350985,-0.46953157752468716,-0.009879166309729182,-0.4101439786092794,-0.06019978763932685,0.0028648790006544148,0.04946878326773369,3,33.0,26.0,30.0,194377.48780487804,-0.3113703874453953,0.056916714281881164,5.5,-5.8918198363904,-0.05807662825773241,-0.3911109019324418,-0.2901952918576699,-0.5138372609401284,-0.373347807393774,-0.04575184313703734,121.01487616978798,3.9878048780487805
41,2020-03-02,104.0,6.0,16.0,3.0,-0.40192290501269423,-0.47079377437495706,-0.00866664041406262,-0.4154296153533165,-0.0504659719191571,0.01742916206832287,0.031312504000998644,5,39.0,36.0,43.0,196916.58536585365,-0.3373995600328443,0.05495939720871046,5.487804878048781,-5.958539348585523,-0.05197906728212265,-0.3953651702251247,-0.2826154747844992,-0.5138366365498844,-0.3744612220279203,-0.04316647728337886,119.02552251125142,3.981707317073171
42,2020-03-03,125.0,10.0,21.0,4.0,-0.3976775842106223,-0.4717662057976179,-0.008308085290154588,-0.4101026617314437,-0.04939151043231383,0.013183080305864722,0.03323366397712032,5,37.0,36.0,44.0,196087.70909090908,-0.33886952707979395,0.05509919765216942,5.503030303030303,-5.919106347846425,-0.0548985055674146,-0.3944551037062777,-0.2861873868318015,-0.5118780237660707,-0.3733689271276986,-0.043655213425285666,118.60110614022406,3.981818181818182
43,2020-03-04,161.0,12.0,36.0,2.0,-0.3973252972439023,-0.4726800844663231,-0.008434764333622446,-0.41012464355522,-0.05483256820246914,0.01501238533074725,0.03666214091633944,5,46.0,33.0,41.0,196265.24550898204,-0.3269202049035772,0.0553617997207595,5.580838323353293,-5.897633148789993,-0.05464446818762869,-0.3927407215614764,-0.2834753338468623,-0.5139769007535503,-0.37438825211408944,-0.04133967722495907,118.27898895640988,3.9820359281437128
44,2020-03-05,228.0,12.0,67.0,0.0,-0.3936388482452298,-0.47279584658018886,-0.007989198050368018,-0.4069298070451638,-0.052442047950972945,0.01456543265945998,0.03490523702371788,7,31.0,35.0,42.0,195801.31360946747,-0.3279274055113762,0.05558860055695691,5.479289940828402,-5.923958131959747,-0.04256212400026377,-0.3929053780473213,-0.28605824069588615,-0.5120741981081901,-0.3740899599410391,-0.04632746732523185,118.86098697221259,3.9822485207100593
45,2020-03-06,311.0,15.0,83.0,3.0,-0.38631769180690156,-0.47339016071804113,-0.009622359618258303,-0.4005070610923652,-0.02374882467330866,0.014532214849648166,0.010318766014190392,9,41.0,35.0,39.0,194781.59124087592,-0.30158304122185164,0.05948632439404067,5.795620437956204,-5.835685467510217,-0.02273747924580427,-0.3927895960752226,-0.28893234945069113,-0.5140791618191564,-0.3673544613015539,-0.03998166332575015,119.92368260560782,3.9854014598540144
46,2020-03-07,428.0,19.0,117.0,4.0,-0.3797671364494283,-0.47458481807401554,-0.010923528407602578,-0.39431200501502583,-0.015786578311566185,0.01068429695186835,0.0060811651680010605,9,40.0,36.0,36.0,194244.42465753425,-0.26691084516926633,0.05793742928355172,5.691780821917808,-5.817525733483619,-0.026837069286800186,-0.39325487954687544,-0.288444935192117,-0.5144556617411641,-0.36988050869681444,-0.03906821467061572,120.9883692369447,3.9794520547945207
47,2020-03-08,547.0,22.0,119.0,3.0,-0.3873343673589641,-0.4737273235599798,-0.008629163493538483,-0.40054793089976015,-0.019353508461064567,0.015729786068503605,0.005763828293334456,8,40.0,36.0,33.0,193746.72549019608,-0.28825654405149004,0.059425163189899655,5.522875816993464,-5.810538671078749,-0.01734651507424756,-0.39351726651079344,-0.2894583482102923,-0.5142930339526424,-0.37180184453708665,-0.03391120867186914,120.44605658585685,3.980392156862745
48,2020-03-09,748.0,26.0,201.0,4.0,-0.3916682045854507,-0.47313721750968524,-0.006592153576240212,-0.4053056034208462,-0.014967663586874987,0.025938830264013023,-0.00482729517666658,13,40.0,43.0,44.0,195857.69798657717,-0.31408422829126836,0.05826136970830109,5.550335570469799,-5.900006978312156,-0.037042089053279936,-0.3945330536757713,-0.285646331716894,-0.5132337723884014,-0.36882652322287857,-0.043846866872509604,119.64599578838352,3.9798657718120807
49,2020-03-10,1018.0,31.0,270.0,5.0,-0.38507184602486344,-0.47341477581610486,-0.00577203130825743,-0.39677569341371643,-0.015172915943076104,0.02478864984331011,-0.0038794495705157636,17,40.0,49.0,46.0,195133.68421052632,-0.32090260191889985,0.057381733537336777,5.592105263157895,-5.919337647686936,-0.027107436986872346,-0.39447524724694755,-0.2943595152209562,-0.5133700051811425,-0.36959769507028234,-0.04204346701380246,119.28001208121292,3.9802631578947367
50,2020-03-11,1263.0,37.0,245.0,6.0,-0.38064046763522597,-0.4730088140954036,-0.005817891040117651,-0.3923960494511188,-0.011503561711724678,0.023738096441572293,-0.006309592289515454,25,53.0,54.0,53.0,195059.81818181818,-0.29281594410338385,0.05497452232749411,5.538961038961039,-5.932776044816123,-0.027192877861786924,-0.3916405582517323,-0.2961175859660007,-0.513457869103733,-0.37224035569912717,-0.04094949913957141,119.64628882420676,3.9805194805194803
51,2020-03-12,1668.0,43.0,405.0,6.0,-0.3775698557622442,-0.47311325782990005,-0.005622539193092302,-0.3890754119865276,-0.01773124482669105,0.006571126073220719,0.01053252295911173,45,46.0,100.0,72.0,194167.12903225806,-0.29221284596083175,0.0547813090891196,5.52258064516129,-5.93434583953753,-0.036912190806906275,-0.391702904292788,-0.2958360593635708,-0.5135010701238419,-0.3715693376848833,-0.039755037472206545,119.6703954852876,3.9806451612903224
52,2020-03-13,2224.0,50.0,556.0,7.0,-0.3915144150938004,-0.4730318913222009,-0.005817611217317609,-0.40489737141610316,-0.0011658246851558637,0.04120695551939028,-0.026876810454051027,50,66.0,87.0,78.0,191481.63571428572,-0.3140513142123943,0.06072647037944212,5.492857142857143,-5.789415655205731,0.0020279013589923345,-0.3984420517582257,-0.2943725340179487,-0.5118191431491876,-0.35906113491990643,-0.04165436926944155,121.12537129173921,3.9857142857142858
53,2020-03-14,2898.0,60.0,674.0,10.0,-0.38228026251868674,-0.47358316700051956,-0.006435047356514678,-0.39493896081069024,-0.005605447533905997,0.030573560840411112,-0.015933406608145455,50,42.0,76.0,70.0,190830.93959731545,-0.2938993116600007,0.05344257776199246,5.557046979865772,-5.890557313882626,-0.010196451469387302,-0.3928847315281203,-0.2922059290323303,-0.5119098468850457,-0.36492115409536185,-0.03796565881881836,122.00355283536338,3.9865771812080535
54,2020-03-15,3600.0,68.0,702.0,8.0,-0.3859720264315754,-0.47507972790425984,-0.005530246904074443,-0.3969054505322424,-0.01170414903072445,0.04068143286039651,-0.017470601815821406,56,40.0,75.0,68.0,190782.44370860927,-0.3399942802659979,0.049834417399309716,5.635761589403973,-5.948074359084634,-0.0038850598519820645,-0.39362869792662686,-0.282322816894013,-0.5120158353000864,-0.3662219674648449,-0.04796356983708583,121.84443718577894,3.993377483443709
55,2020-03-16,4507.0,91.0,907.0,23.0,-0.39316980207492747,-0.47469632101662296,-0.004286145701067223,-0.40329940922465546,-0.004892859722798712,0.05253671900055808,-0.031227781639930008,74,55.0,89.0,100.0,190532.4705882353,-0.34878903321561977,0.04532058802650096,5.660130718954249,-5.978231481536264,-0.01734651507424756,-0.3950028874258261,-0.28406932860244916,-0.5120934260441455,-0.36736197525604086,-0.04682428056729404,121.20179514794836,3.9869281045751634
56,2020-03-17,5906.0,117.0,1399.0,26.0,-0.3925670021696582,-0.4744181698774041,-0.0033137330521886277,-0.4018590964003602,-0.005406906173817163,0.05036802001755769,-0.029363654733615262,74,83.0,79.0,82.0,190599.06535947713,-0.34732571760327174,0.04770620894153366,5.69281045751634,-5.957989651470905,-0.023882462786665948,-0.3916283776219045,-0.286277171739704,-0.5120934260441455,-0.366910994863884,-0.044039966841803835,121.25625920023596,3.9869281045751634
57,2020-03-18,8350.0,162.0,2444.0,45.0,-0.3872966268068286,-0.4739461411387955,-0.003403159612059503,-0.397305776616383,-0.005950791833133848,0.04533643576127891,-0.025538335799125678,77,89.0,65.0,75.0,191078.08496732026,-0.3623003140362998,0.045300980183363704,5.718954248366013,-6.005930827941494,-0.01734651507424756,-0.39103164559576076,-0.2845889364455864,-0.5120977700310737,-0.3665377922495049,-0.04815761390062734,121.24515462507256,3.9869281045751634
58,2020-03-19,12393.0,212.0,4043.0,50.0,-0.39125615219215365,-0.47325188670555235,-0.004816539238872264,-0.4005452122094644,-0.011716532670322787,0.04145960047965899,-0.017952093869434877,82,81.0,62.0,69.0,190968.6193548387,-0.36241234422081503,0.047600663927829245,5.658064516129032,-5.982016807279464,-0.01110573919400304,-0.3922158075185944,-0.28765212387969985,-0.5121972378657774,-0.3676196602655285,-0.04500471489156138,121.17050516270695,3.9870967741935486
59,2020-03-20,18012.0,277.0,5619.0,65.0,-0.4475779006067988,-0.47811057024148,-0.014464670407618896,-0.4505823061556403,-0.06472439830938151,0.071671815282734,0.0072482507952433585,88,71.0,59.0,60.0,192119.8344370861,-0.3066335915540239,0.05996686773043547,5.854304635761589,-5.837233299481985,-0.023752609520856227,-0.3906796913041103,-0.2930773864304369,-0.5095812270219406,-0.3608517687893482,-0.031698669174834104,121.454854404322,3.993377483443709
60,2020-03-21,24528.0,360.0,6516.0,83.0,-0.4469063906454733,-0.4784385348120454,-0.013566463087044123,-0.4438876424801204,-0.06385918038992591,0.0644660672269891,0.011290548193259224,85,74.0,56.0,53.0,193435.29605263157,-0.337497756212094,0.05432252301102114,5.756578947368421,-5.950515279265883,-0.007370594881609183,-0.39162261566800016,-0.2888217520630615,-0.5141678304443004,-0.36509901085975605,-0.035725703855907676,122.59125550226553,3.9934210526315788
61,2020-03-22,33073.0,458.0,8545.0,98.0,-0.44002185390359083,-0.47869522064018893,-0.01373569431562871,-0.4384295334701745,-0.05946955011823657,0.06596228070115034,0.006549563241185477,91,66.0,50.0,55.0,193055.25342465754,-0.33816629732287595,0.050108662160263995,5.7465753424657535,-5.982909295127454,-0.006289124081320763,-0.3916576192729029,-0.2905515105345827,-0.5139276684534929,-0.3632757141762665,-0.044873009191163604,122.2620884150269,3.993150684931507
62,2020-03-23,43505.0,579.0,10432.0,121.0,-0.4325034548573885,-0.4784453706393399,-0.012525790112032475,-0.4345964881548821,-0.0451746465259693,0.07691276946328096,-0.013030420804373673,96,92.0,49.0,51.0,192684.15131578947,-0.41796952510719837,0.04652647037944213,5.723684210526316,-6.054410016107989,0.0057872998552329635,-0.3957134051416844,-0.27710398890516674,-0.5141133641285109,-0.3656424319123876,-0.05198886175064449,120.85535418647605,3.986842105263158
63,2020-03-24,53938.0,785.0,10433.0,206.0,-0.4309534856491875,-0.4782086505860546,-0.011528280478955932,-0.4351178286091553,-0.04343801048115778,0.07552734007348233,-0.01361249045941497,92,83.0,48.0,50.0,193686.80503144654,-0.4233168937740742,0.045315778555542696,5.60377358490566,-6.089779761225499,-0.011673805738941168,-0.3923431883260604,-0.2772891386900062,-0.5135357235099244,-0.36774639996932235,-0.052509198559648196,120.95413575714802,3.9874213836477987
64,2020-03-25,68572.0,1054.0,14634.0,269.0,-0.42508509011096474,-0.4775993301316765,-0.01178070057552949,-0.43023002756929235,-0.03667785233066435,0.07356825659467975,-0.018120276841588692,89,70.0,46.0,47.0,193217.9375,-0.41930499314499386,0.04493897037944217,5.5625,-6.093944226634303,-0.002436384355293364,-0.3944179446153686,-0.2776885250893773,-0.5135082222831162,-0.36855131349133496,-0.051892315698013,120.53861504173922,3.9875
65,2020-03-26,85570.0,1353.0,16998.0,299.0,-0.4210256091864145,-0.4751268739272395,-0.010814258805155297,-0.4264458072287892,-0.035057164143705494,0.07249949720705412,-0.018786026939477063,93,93.0,43.0,48.0,193657.93827160494,-0.40908034628808476,0.04731042099672611,5.58641975308642,-6.070137436510848,-0.008995026330602007,-0.39517024399808465,-0.2789526292560439,-0.5135900322823446,-0.3680658968246683,-0.05172460736467965,120.50661758803551,3.993827160493827
66,2020-03-27,102900.0,1770.0,17330.0,417.0,-0.40594102365059065,-0.46254282371581834,-0.005853555584138248,-0.4145025823000609,0.0016773949919379177,0.0805400487588545,-0.055735497882357196,95,75.0,42.0,46.0,191835.22302158273,-0.2856692476462521,0.05557323296937022,5.81294964028777,-5.869245305770994,-0.015700772844501998,-0.3900811730326348,-0.2977392359706722,-0.5140307021127025,-0.3586994699661551,-0.04265182559009928,122.07987884569604,3.985611510791367
67,2020-03-28,123966.0,2300.0,21066.0,530.0,-0.4064934990138902,-0.4641024749465018,-0.0044696632887325505,-0.41230613422839113,-0.004582189444106246,0.05986354073584886,-0.036486756026604776,90,63.0,40.0,44.0,193468.51298701297,-0.34389326061387443,0.055994002846974644,5.636363636363637,-5.837652668192746,-0.007712358381267381,-0.39356912968030366,-0.29688414440755906,-0.5142029602725642,-0.359521524530296,-0.04536962900970132,122.52960700602493,3.9935064935064934
68,2020-03-29,142486.0,2718.0,18520.0,418.0,-0.41326556171562334,-0.466578758077906,-0.005261575685518993,-0.4185462703000086,-0.0016132516190173292,0.07070939915092958,-0.0463150531903246,92,81.0,37.0,46.0,192867.37106918238,-0.3829514706560968,0.04630319993919052,5.7421383647798745,-6.006628817829272,-0.017963113915041795,-0.39381299964681515,-0.28140920158308796,-0.5143327963401131,-0.36288979619573747,-0.05445259478606329,121.11692192067004,3.993710691823899
69,2020-03-30,163955.0,3368.0,21469.0,650.0,-0.42433270074127094,-0.4677404709671531,-0.005799784205976155,-0.4262921864737417,-0.011297355342933725,0.08248175634294339,-0.045819108305320246,98,86.0,36.0,47.0,193161.64556962025,-0.4220894141720469,0.045063179240201645,5.772151898734177,-6.03738536587481,-0.008369928659090808,-0.39584723259005217,-0.2817796334754532,-0.5143059676636541,-0.36341547488374004,-0.05420351031826609,120.26466306389112,3.9873417721518987
70,2020-03-31,188461.0,4304.0,24506.0,936.0,-0.4164827182045184,-0.4666243187638809,-0.00600490661002917,-0.4215668451003137,-0.00751995757020998,0.0757635970665602,-0.04455736787748274,96,94.0,37.0,47.0,192770.33950617284,-0.4430319783382854,0.043482025934997615,5.753086419753086,-6.098841140214551,-0.0028221868244291404,-0.3948449353561093,-0.2750019502436982,-0.5144499395662951,-0.3626158968246683,-0.056527076500482054,119.89536450161576,3.9876543209876543
71,2020-04-01,215391.0,5325.0,26930.0,1021.0,-0.41078207025259544,-0.46900441556970535,-0.0061362998325728,-0.417281041251522,-0.005733549711497022,0.07339539663830175,-0.044501305340763665,100,85.0,37.0,47.0,192837.5696969697,-0.44873260268104265,0.04317677340974513,5.715151515151515,-6.086069984210061,-0.000353051021960038,-0.39660964916082314,-0.2714288413772561,-0.5145533138872829,-0.36325741197618344,-0.055277637667709933,119.40377886749678,3.987878787878788
72,2020-04-02,245108.0,6541.0,29717.0,1216.0,-0.4108608923667686,-0.4694669421573317,-0.00734488646896192,-0.417936125377409,-0.007360074331709082,0.06784549471242614,-0.03940686068918167,92,74.0,35.0,54.0,192223.5508982036,-0.4185307721317122,0.05087078175668758,5.802395209580839,-5.961537340406759,-0.0007522526187664358,-0.39641377545369194,-0.2825761721702156,-0.5146713415918737,-0.3614289706769637,-0.049096563452504016,120.04713865700869,3.9880239520958085
73,2020-04-03,277426.0,7932.0,32318.0,1391.0,-0.4385330344168253,-0.470493006675719,-0.007505140141192079,-0.4349890884006492,-0.01398767750663937,0.07628101072353304,-0.03938380266934312,98,75.0,32.0,59.0,192733.4149659864,-0.33935413160076633,0.04932579010733329,5.761904761904762,-6.06037313819893,0.0037285816311012354,-0.39289262998951824,-0.28536796939209835,-0.5139769623906842,-0.35050535260698124,-0.04298141008576806,120.8855899992222,3.9863945578231292
74,2020-04-04,312525.0,9488.0,35099.0,1556.0,-0.4284570785007841,-0.47117387751138656,-0.006914216750946611,-0.42562215330948694,-0.018992024896613363,0.060081329692297736,-0.024210908616601176,97,64.0,34.0,57.0,192377.3051948052,-0.3751987126686912,0.054273223626195355,5.779220779220779,-5.955548772088848,-0.0012188518877609411,-0.395243805004979,-0.29388615739457213,-0.5142563418310058,-0.35476308297185444,-0.04436768095775323,119.78365246057038,3.987012987012987
75,2020-04-05,338141.0,10856.0,25616.0,1368.0,-0.4251958352286548,-0.4716700691065232,-0.007260491773468436,-0.4234689376323105,-0.01992341314536864,0.06612243646351902,-0.027436277770304912,94,82.0,32.0,53.0,192939.65,-0.41496717692663976,0.04757022037944214,5.775,-6.131250476634303,0.010063615644706592,-0.3931998196153686,-0.28299346258937724,-0.5144390391581162,-0.356094438491335,-0.048251690698012994,119.05105254173921,3.9875
76,2020-04-06,369057.0,12382.0,30916.0,1526.0,-0.4343349800196285,-0.4717533702424287,-0.008332698787719361,-0.43387229927629417,-0.02240461137150728,0.08303999919304855,-0.036607809836894475,97,91.0,31.0,51.0,193084.8475609756,-0.4187179715953818,0.045672811842856764,5.737804878048781,-6.162014958341622,0.002898981498365205,-0.392298097054393,-0.279783035760109,-0.5145735949645186,-0.35806000251572523,-0.05594208703947634,118.67501031612946,3.981707317073171
77,2020-04-07,399394.0,14616.0,30337.0,2234.0,-0.42854664740166115,-0.47258149390495524,-0.008070722029038357,-0.42793619545307254,-0.020512718093058803,0.07174993911073181,-0.030693157960589024,89,78.0,29.0,49.0,193053.33532934132,-0.4090122107563011,0.05135581169680736,5.634730538922156,-6.081411591903764,-0.00674027657086218,-0.39271437425608713,-0.2894380883378802,-0.514673509915227,-0.35852298265301163,-0.05222111435070759,119.22014464503265,3.9820359281437128
78,2020-04-08,431214.0,16701.0,31820.0,2085.0,-0.42936306759985116,-0.47077314552624483,-0.009123650680133322,-0.4289199260445267,-0.02635781644422301,0.06509612492769898,-0.021201859802783066,81,69.0,26.0,46.0,194068.58579881658,-0.4292728350068046,0.048843038426779395,5.6923076923076925,-6.201390084622471,0.004775154106245072,-0.3946858514201023,-0.27870368448286836,-0.5147215815401428,-0.3604686581658912,-0.04995586969209581,119.71773845150254,3.9881656804733727
79,2020-04-09,465913.0,18821.0,34699.0,2120.0,-0.4267255197785893,-0.4717034115920815,-0.009194627347375195,-0.42571907760465144,-0.030284842669089443,0.06147981128085994,-0.01542011723696084,81,86.0,24.0,46.0,193433.72352941177,-0.4190964706702343,0.04376764685003032,5.711764705882353,-6.152035403104891,-0.021921678472940465,-0.3897977240271333,-0.2782005508246714,-0.5147658221617927,-0.36149432819721733,-0.05278441128624822,119.12196246820982,3.988235294117647
80,2020-04-10,499386.0,21084.0,33473.0,2263.0,-0.4095656656692186,-0.4716241326765866,-0.009573609290882579,-0.40872629116445364,-0.016921176282032914,0.05578846872971992,-0.0231406057459978,75,68.0,24.0,50.0,193337.53205128206,-0.3680644643169912,0.05366108576405759,5.788461538461538,-5.990209611249687,-0.008045358714267703,-0.38972342538459936,-0.2940592318201465,-0.5136379488231803,-0.3542953840041555,-0.045682940698012986,120.55239821481615,3.9871794871794872
81,2020-04-11,531106.0,23168.0,31720.0,2084.0,-0.3994385183570621,-0.47000044840743077,-0.008650111285377515,-0.39854350933670774,-0.013259758462210381,0.04285299203195818,-0.017639129720380092,73,80.0,23.0,44.0,194332.62424242424,-0.40897564778046724,0.06352344007641186,5.739393939393939,-5.961457862997939,0.01176816109925205,-0.3952290431002171,-0.30140235652877123,-0.5119862283721314,-0.3498858968246683,-0.043156425546497845,120.24890614022407,3.987878787878788
82,2020-04-12,558249.0,24849.0,27143.0,1681.0,-0.4033093093060753,-0.4706229828800542,-0.009425500169258139,-0.4012010062298818,-0.016893934345164507,0.047150531859327674,-0.017365663983955837,65,72.0,22.0,41.0,192946.3727810651,-0.40979861522140854,0.049559014758140396,5.7514792899408285,-6.163668191131347,-0.007059165420382096,-0.39274620644968816,-0.27960185016334177,-0.5127204911851132,-0.3553591907102699,-0.05286119513588278,119.30992188345519,3.9881656804733727
83,2020-04-13,584018.0,26613.0,25769.0,1764.0,-0.40074292114152843,-0.4706241854516515,-0.008687273553946051,-0.4009322496442823,-0.013604350764624362,0.05912975463605165,-0.028214110611896832,72,96.0,22.0,46.0,191465.61494252874,-0.4094552391512227,0.04185865428748814,5.64367816091954,-6.185008019737751,-0.02219213148173016,-0.39180361990272494,-0.2666150430491474,-0.5129881061861334,-0.3587567014223695,-0.056486101617553186,119.090660372199,3.9827586206896552
84,2020-04-14,610709.0,29318.0,26691.0,2705.0,-0.41104040397905706,-0.47156859788351385,-0.008819114914402126,-0.4114372839692251,-0.013763612622069155,0.06959997593525605,-0.03504572493450276,70,74.0,21.0,47.0,192437.77586206896,-0.3945723101904624,0.04249658532197087,5.620689655172414,-6.211594226634304,-0.010697878608166955,-0.3927225854199663,-0.2742392384514462,-0.5129353473930299,-0.3593446324568522,-0.05321023954858772,119.17040749863578,3.9827586206896552
85,2020-04-15,640742.0,32070.0,30033.0,2752.0,-0.4061337289094016,-0.4716013787744922,-0.008601375819195511,-0.4067188977770958,-0.013232818093064938,0.06431413031754374,-0.03195088618074882,67,80.0,20.0,49.0,193703.8275862069,-0.4055522231989772,0.044163251988637464,5.67816091954023,-6.203088479507867,0.0007963742653962491,-0.39158695323605824,-0.27356159477328534,-0.5129354763010759,-0.3577009542959326,-0.05003782575548421,118.84393048714152,3.9885057471264367
86,2020-04-16,672355.0,34419.0,31613.0,2349.0,-0.4086125821983087,-0.4713047849959576,-0.008405997735385862,-0.4092677458461542,-0.017712974935092652,0.06887774275169506,-0.03118533413822145,70,77.0,20.0,46.0,194315.12138728323,-0.41813271239930405,0.05137907153551147,5.728323699421965,-6.147753186171876,-0.007674823661651731,-0.39097644895062866,-0.28397362154891487,-0.5127540897061653,-0.3564377658034737,-0.05097383665177019,119.37275192757737,3.9826589595375723
87,2020-04-17,703864.0,36708.0,31509.0,2289.0,-0.41768486916193165,-0.4704848332744289,-0.009136075732886106,-0.41817686232213924,0.010413186004587743,0.08284987090324311,-0.06459062946660596,65,94.0,19.0,45.0,192344.46710526315,-0.36872414121348895,0.060861996695231624,5.9144736842105265,-5.96244291084483,-0.0139495422500302,-0.39174366829957913,-0.297127278378851,-0.5118583412995635,-0.34760427401765076,-0.04863162490853934,121.27315023910764,3.9802631578947367
88,2020-04-18,732262.0,38659.0,28398.0,1951.0,-0.40121265772861925,-0.4703008531661152,-0.009060320459396753,-0.39984537619774524,0.005682232866786784,0.05510057848246536,-0.04193453045025899,63,76.0,19.0,40.0,192176.05298013246,-0.3450354510046961,0.062728457134409,5.887417218543046,-5.869107471667416,-0.010507576408273489,-0.39295783699947456,-0.30041169106619847,-0.5118034705980996,-0.34929150388868596,-0.045384099638410336,121.08703983478557,3.980132450331126
89,2020-04-19,757596.0,40179.0,25334.0,1520.0,-0.3940133237270103,-0.47213156566216347,-0.008600957783643337,-0.3932608849302156,0.012388091363917978,0.05494746882101473,-0.04760401510186511,63,85.0,20.0,41.0,193380.15189873418,-0.4081082670302711,0.058058115949062294,5.89873417721519,-5.995543593722912,-0.008369928659090808,-0.3947712832229635,-0.2887124182855798,-0.5121441876636541,-0.350059145769816,-0.050485155887886435,119.80949850692909,3.981012658227848
90,2020-04-20,784991.0,42016.0,27395.0,1837.0,-0.38870954885094006,-0.4702804724929575,-0.008640166526207027,-0.387730542218646,0.015487479358194887,0.046995043268355616,-0.04491468113295912,64,73.0,20.0,40.0,192957.04402515723,-0.44584643225852677,0.05286923767503959,5.849056603773585,-6.088383534810404,-0.00538449756284054,-0.39898721348329313,-0.2771669374321446,-0.5121669885413709,-0.3503281609756117,-0.054372091641409215,119.47629298985242,3.981132075471698
91,2020-04-21,810505.0,44688.0,25514.0,2672.0,-0.3848147517985284,-0.4709948625935986,-0.008794235292968855,-0.38533178624763126,0.016577221567654093,0.0560993215201528,-0.051927224683679093,63,100.0,19.0,45.0,193059.6073619632,-0.4408959232398061,0.056866961176988196,5.852760736196319,-5.983670913750869,0.00619091625820356,-0.4005324154742643,-0.27912188283477607,-0.5123616925580395,-0.3525429929391877,-0.05638585480844238,119.7062077948067,3.98159509202454
92,2020-04-22,839336.0,47059.0,28831.0,2371.0,-0.36919463870758995,-0.47047064123535237,-0.008375538424755913,-0.3700631439887452,0.02161277786718606,0.044031087768641064,-0.04819480257820747,65,95.0,20.0,51.0,194830.61538461538,-0.44415449502421606,0.05779570114867294,5.834319526627219,-5.9871711497112265,0.004775154106245072,-0.3995550821893331,-0.2809496016426317,-0.5126364739661783,-0.3542189540238794,-0.0612091241299656,119.48897513789306,3.9822485207100593
93,2020-04-23,873112.0,49228.0,33776.0,2169.0,-0.3634500962210171,-0.47061393978707183,-0.008879033484149534,-0.3639572255617766,0.026495698215311385,0.03272262735782423,-0.044807739672664576,64,67.0,20.0,51.0,194452.84393063583,-0.4331448080570801,0.05865652818291034,5.815028901734104,-5.982909255536038,-0.0018944768408425405,-0.40109089981768076,-0.28413067357203625,-0.5128091127697492,-0.3549342975953812,-0.05632701584252159,119.32078082931147,3.9826589595375723
94,2020-04-24,909853.0,51360.0,36741.0,2132.0,-0.3492317876786403,-0.4739034609008538,-0.014565148920472337,-0.34241987993442713,0.024051322902016357,0.019589869551034263,-0.03403289064713491,61,87.0,19.0,46.0,193641.81935483872,-0.44209695987257935,0.061232921992345424,5.767741935483871,-5.910836162118175,0.00824909951567443,-0.4017641946153686,-0.2851396077506676,-0.5119919790915839,-0.3505480473623027,-0.05794858585930329,121.20310516270695,3.9806451612903224
95,2020-04-25,944261.0,53327.0,34408.0,1967.0,-0.3361493783720657,-0.4742566897683508,-0.013089972339217604,-0.3297486333005126,0.03937086715513996,-0.0006137968225448237,-0.03370260526743043,52,75.0,19.0,43.0,193857.31736526947,-0.4290771593833414,0.07353545241537018,5.730538922155689,-5.791363687712147,0.011223795285425164,-0.40418982335788356,-0.303088747020515,-0.5126008042864845,-0.35201220420989787,-0.05531452752436028,120.80262967497275,3.9820359281437128
96,2020-04-26,970996.0,54580.0,26735.0,1253.0,-0.3322016711277257,-0.47439828113196225,-0.013067927694292547,-0.3272821340180381,0.045649482489576995,0.008583736023604058,-0.04524127648132623,54,77.0,20.0,44.0,195317.92307692306,-0.468971981462748,0.06258860055695692,5.745562130177515,-5.966413753261524,0.010692313869558712,-0.4035970940236526,-0.28968090341777963,-0.5125504091141073,-0.35210593627240006,-0.05360439040215498,120.66409348108834,3.9822485207100593
97,2020-04-27,994193.0,56022.0,23197.0,1442.0,-0.34132273871976676,-0.4762604773000659,-0.012700973043471508,-0.3372387807139958,0.04149851952877269,0.0251947392278598,-0.052804206809339636,63,81.0,21.0,44.0,193269.66666666666,-0.470793614200229,0.060108341724471326,5.830409356725146,-5.968795981020268,-0.0015226416652348584,-0.4065930835042575,-0.2792849976770966,-0.5127250970451775,-0.3525378266492297,-0.05711086467462112,120.53067509290881,3.982456140350877
98,2020-04-28,1018844.0,58416.0,24651.0,2394.0,-0.33666037938690263,-0.4756976875990607,-0.012472548937822459,-0.33343989635562776,0.046429617230440354,0.02239229065195042,-0.055151822132126944,62,90.0,21.0,47.0,193761.0344827586,-0.4517450603480805,0.06218164279323524,5.82183908045977,-5.971053996749246,-0.0049507521713852976,-0.40445591875329967,-0.28447014649742325,-0.5128526213010759,-0.35498428762926604,-0.05989299816927729,120.28375232622197,3.9827586206896552
99,2020-04-29,1045399.0,60930.0,26555.0,2514.0,-0.34589067833254244,-0.4764949197313705,-0.012384369651003757,-0.3415807920644983,0.03535437766885318,0.026383525460927187,-0.0483085553547164,58,87.0,19.0,57.0,194308.77142857143,-0.44599555634659055,0.059517898950870674,5.908571428571428,-6.012968512348589,-0.01940067006957913,-0.4024944803296543,-0.27915192258937727,-0.5128940573349019,-0.3549982777770493,-0.05777822641229868,119.90706700602493,3.9828571428571427
100,2020-04-30,1075756.0,63140.0,30357.0,2210.0,-0.3491936159580102,-0.4769514497058396,-0.012008576486011058,-0.3455455032080903,0.03347058195856321,0.03244409818366717,-0.05076703973467367,58,79.0,18.0,53.0,194821.90857142856,-0.4362724512378004,0.056500756093727844,5.908571428571428,-6.028968512348589,-0.013686384355293346,-0.4036881946153686,-0.27991306544652017,-0.5128407110491876,-0.3576834206341921,-0.05807536926944151,120.46678129173922,3.9828571428571427
101,2020-05-01,1109726.0,64902.0,33970.0,1762.0,-0.3202121763271784,-0.47754124606741144,-0.016034079582199712,-0.3097626495483201,0.025411405669215882,0.006528462701162396,-0.026629009025368848,56,60.0,17.0,47.0,194053.63461538462,-0.38830043079467313,0.05487903448200626,5.9743589743589745,-5.942568585608663,-0.02086587153478059,-0.3912368869230609,-0.2973316036150183,-0.5120445564513854,-0.3507626916964632,-0.05624319710826936,121.50646872763666,3.980769230769231
102,2020-05-02,1139200.0,66485.0,29474.0,1583.0,-0.3188044161144516,-0.4754000920023843,-0.016127529793819928,-0.30825383928260197,0.02021210940475842,-0.010327308053613166,-0.010866926238964552,53,67.0,17.0,42.0,193779.14465408804,-0.383326962964171,0.06735351440459936,5.943396226415095,-5.867817497074556,0.007194118789360715,-0.39771677323172083,-0.3087037927780565,-0.5125859448306791,-0.351195456573096,-0.04544882120115756,121.25010431060714,3.981132075471698
103,2020-05-03,1165340.0,67816.0,26140.0,1331.0,-0.33465053327575234,-0.4756110802583884,-0.013161722748680882,-0.3252227802414934,0.02271275724475697,0.0039310390865975615,-0.022529424818510904,53,76.0,17.0,44.0,194358.96319018406,-0.4052296251030119,0.06620438448987165,5.975460122699387,-5.853597294118966,0.01846085490851035,-0.3975557283576999,-0.302479919644592,-0.5123588311469965,-0.3528601708532981,-0.04530425971641788,120.84829368437725,3.98159509202454
104,2020-05-04,1187302.0,68905.0,21962.0,1089.0,-0.3490841458723597,-0.47668520748039384,-0.013604089121376117,-0.34150099832612013,0.01880628406263373,0.02520071217425785,-0.033389113154738616,59,87.0,18.0,43.0,194132.82926829267,-0.40415619672128444,0.06467890940383236,5.945121951219512,-5.828197885170889,-0.01539370142846408,-0.39514077998122227,-0.29527443819913335,-0.5124649584401284,-0.3551990269059691,-0.04172806264923251,121.10384568198312,3.981707317073171
105,2020-05-05,1211011.0,71139.0,23709.0,2234.0,-0.34364697902257774,-0.47581513446225654,-0.012863212318702688,-0.3353945893134159,0.02779736073343974,0.019559645601609412,-0.037295593957702385,55,78.0,17.0,47.0,194627.1497005988,-0.3879194362530427,0.06346359612794517,5.922155688622754,-5.8149085978917885,-0.01871632447505389,-0.39672515269920094,-0.29395180091273054,-0.5126025201547479,-0.3559684916350475,-0.04406482692555791,121.15909674084101,3.9820359281437128
106,2020-05-06,1235517.0,73847.0,24506.0,2708.0,-0.33929998070273804,-0.4751159201530508,-0.013268910718310822,-0.33255711547965183,0.01695584711763789,0.007250159178363511,-0.019729665845437887,55,65.0,17.0,57.0,194618.0,-0.4125872572822771,0.06593066199620856,5.976047904191617,-5.800130154778017,-0.012728300522958036,-0.39693353593273384,-0.29502605240973656,-0.5126027530888797,-0.3548882521140895,-0.04614865926088724,120.93166560311646,3.9820359281437128
107,2020-05-07,1263995.0,75805.0,28478.0,1958.0,-0.33583054273142565,-0.4755175508113503,-0.013061155502081534,-0.32967861526012826,0.01829355798887943,0.006922562327139513,-0.020656322064449582,56,83.0,17.0,56.0,193898.1017964072,-0.4068671828407155,0.07097856618782539,5.910179640718563,-5.752615184718136,-0.00674027657086218,-0.3969347335375243,-0.3013206631881797,-0.5126026141667239,-0.35458645570690384,-0.03889117423094712,121.10430632167935,3.9820359281437128
108,2020-05-08,1291643.0,77380.0,27648.0,1575.0,-0.36381182528594747,-0.48108131621236816,-0.01201708495079512,-0.3559895309816838,0.004275038734107369,0.03867422653015828,-0.029858563571592764,51,70.0,16.0,46.0,192824.24460431654,-0.3673854235179629,0.05535021138663632,5.805755395683454,-5.8619431474976125,-0.030089262053135113,-0.3903667845434261,-0.2886789482008881,-0.511670378155868,-0.35287141241219827,-0.053741034223192874,121.35432488886153,3.985611510791367
109,2020-05-09,1316511.0,78834.0,24868.0,1454.0,-0.3516832458612652,-0.48012471466437256,-0.012746391820058212,-0.3447752495965808,0.0005487402556452834,0.021969403629771733,-0.015495748867584048,51,62.0,17.0,41.0,193086.18666666668,-0.3997397317500947,0.0633798037127754,5.92,-5.845507559967638,-0.000353051021960038,-0.39424552794870193,-0.30597716258937724,-0.5122910679539495,-0.3521538968246683,-0.04906594069801301,121.43357462507255,3.986666666666667
110,2020-05-10,1336828.0,79766.0,20317.0,932.0,-0.3959233984698276,-0.4863530467146806,-0.016055123413221906,-0.38776329208012517,-0.028992745407184994,0.05637463771375985,-0.013127170261418367,48,69.0,17.0,38.0,192802.54938271604,-0.35637930549374347,0.06581042099672607,5.87037037037037,-5.894692992066403,-0.0028221868244291404,-0.3936591328869735,-0.30914904900913037,-0.5128450456774063,-0.35206034126911273,-0.039250533290605516,121.31203734112194,3.9876543209876543
111,2020-05-11,1354449.0,80748.0,17621.0,982.0,-0.4071988715912959,-0.48712275233367885,-0.016645082598952143,-0.4005039736994661,-0.0357953072064732,0.06593503152184928,-0.013676383399017757,59,88.0,18.0,43.0,192801.72023809524,-0.3888403299340642,0.0624014703794421,6.035714285714286,-5.923951369491448,-0.027734003402912433,-0.3903535993772734,-0.29348233163699633,-0.5127873428158543,-0.35624208730085877,-0.04799067879325103,120.99458319650111,3.988095238095238
112,2020-05-12,1376749.0,82400.0,22300.0,1652.0,-0.3987190823081248,-0.4862682752915188,-0.01677643078502089,-0.3924053239914531,-0.0265388072341323,0.060050802510760865,-0.017671582029442703,56,89.0,18.0,47.0,192397.98214285713,-0.37129360790385535,0.06369908942706115,6.053571428571429,-5.898719226634304,-0.027734003402912433,-0.3862780041391781,-0.2971680459227106,-0.5127873787087114,-0.35713792063419214,-0.046960916888489135,120.94214272031066,3.988095238095238
113,2020-05-13,1397894.0,84168.0,21145.0,1768.0,-0.39379848555998265,-0.4862075746077763,-0.017140615243629864,-0.3877976824837891,-0.026049746959605803,0.057002650875123684,-0.016026572820551185,57,96.0,18.0,46.0,192450.61988304093,-0.38582118708951485,0.0634767627771029,5.982456140350878,-5.923649782189859,-0.024914454530731933,-0.386235773562737,-0.29339850644902643,-0.5129140071621366,-0.35514542898841095,-0.04134068923602463,120.60909029758717,3.9883040935672516
114,2020-05-14,1424856.0,85906.0,26962.0,1738.0,-0.3883066211516572,-0.4864340787437264,-0.016992493671363573,-0.38299600696748515,-0.02410475363420171,0.0507752069283111,-0.013544533366864961,56,78.0,17.0,51.0,192453.8411764706,-0.39828812266264546,0.06226764685003039,6.088235294117647,-5.931476579575481,-0.021921678472940465,-0.3910341946153686,-0.29125978611878905,-0.5128715276323809,-0.3548555046678056,-0.0467673524627189,120.86113893879805,3.988235294117647
115,2020-05-15,1451093.0,87499.0,26237.0,1593.0,-0.40639174989853993,-0.4910482758131483,-0.017863134705867867,-0.39446495212738625,-0.039346488669414106,0.04935695989361072,0.0005491372788446938,54,76.0,17.0,56.0,190878.18055555556,-0.33869520406461084,0.05665147037944207,5.6875,-5.984823393300971,-0.033686384355293364,-0.38451252794870194,-0.2925204070338217,-0.5120457939567273,-0.35488395238022385,-0.05079127403134631,121.58150879173921,3.9652777777777777
116,2020-05-16,1474752.0,88724.0,23659.0,1225.0,-0.38807214605486645,-0.48717629390696393,-0.01690109358149472,-0.37520104594896997,-0.041131700769054244,0.016348356915810245,0.024162015058921682,48,62.0,16.0,48.0,192705.43506493507,-0.3723395459949541,0.07218880804177985,5.675324675324675,-5.908847473387551,-0.020699371368280373,-0.38669575305692705,-0.307739274277689,-0.5125277025452915,-0.35073126479003625,-0.03792352511359731,121.5189381748561,3.961038961038961
117,2020-05-17,1493766.0,89568.0,19014.0,844.0,-0.38836377209878764,-0.4880472884410915,-0.014507481366727859,-0.37711382088514106,-0.026666943290079202,0.03061144630118038,0.002217411619480774,48,90.0,16.0,45.0,192558.7375,-0.37452753540714445,0.06567647037944213,5.7625,-5.925325476634304,-0.008686384355293342,-0.3831810696153686,-0.3053275875893773,-0.5127850863456161,-0.35511693849133497,-0.044411690698012984,121.96091504173921,3.96875
118,2020-05-18,1515593.0,90414.0,21827.0,846.0,-0.39422416312573244,-0.48802185308772994,-0.015046316291571826,-0.3852575146799552,-0.03305915308921995,0.046701111918455274,-0.0030751216087058697,55,74.0,17.0,74.0,191205.3963414634,-0.38113039020161804,0.058721592330661654,5.841463414634147,-5.991197885170889,-0.02149126240407384,-0.3837011458348808,-0.29230937722352357,-0.512585055208421,-0.35906122202792035,-0.047250623624842225,121.681376169788,3.9695121951219514
119,2020-05-19,1536570.0,91934.0,20977.0,1520.0,-0.39622392386005356,-0.4890599934093571,-0.015830384190171798,-0.38590664286766524,-0.03328323507453587,0.03936953730369364,0.002027233322632489,55,70.0,18.0,64.0,191319.8982035928,-0.3784455629592063,0.06192467397225654,5.8562874251497,-5.967722969149273,-0.01871632447505389,-0.3822982065914165,-0.29010407636183233,-0.512720729915227,-0.3560660964254667,-0.04844027602735429,121.51554584263742,3.9820359281437128
120,2020-05-20,1559640.0,93411.0,23070.0,1477.0,-0.38497314744348876,-0.48886232445429934,-0.014604807545340992,-0.37713254961244924,-0.03199665070472093,0.02854806005090616,0.008150717912094355,52,69.0,17.0,48.0,191797.22023809524,-0.39879087609803077,0.06533599418896596,5.815476190476191,-5.9270347028247805,-0.01582924149815046,-0.38765538509155906,-0.29614143877985344,-0.5127647294229971,-0.3552432777770492,-0.04345436926944152,121.10489272031066,3.982142857142857
121,2020-05-21,1585373.0,94722.0,25733.0,1311.0,-0.37445506634631776,-0.4867778596431765,-0.015229293590255266,-0.3673839078815082,-0.02963061807195553,0.014044310063397892,0.015855198624667867,52,70.0,17.0,48.0,192338.421686747,-0.39975531694288163,0.06750237399389991,5.819277108433735,-5.921208684465629,-0.009589998813124723,-0.38994576088042887,-0.30326746861347365,-0.5130235149917005,-0.35167593698531086,-0.03814890455343467,121.49081526764284,3.9819277108433737
122,2020-05-22,1609172.0,96010.0,23799.0,1288.0,-0.37383041180392196,-0.4883056450793513,-0.004952779415570041,-0.3637704356011135,-0.04872493356748076,-0.03277165268826146,0.06354711072369723,48,56.0,16.0,46.0,193254.28873239437,-0.35794883934681043,0.06527999150620267,5.746478873239437,-5.861537888606135,-0.005517370270786359,-0.39451405377029813,-0.2997230752654336,-0.5113219980656866,-0.3517431268716167,-0.054213574500829864,122.49249734807725,3.9788732394366195
123,2020-05-23,1631440.0,97060.0,22268.0,1050.0,-0.37314074390379137,-0.4853987565316577,-0.009566142858936977,-0.36157049556783855,-0.05660206775547802,-0.031168770363425347,0.06925216424831304,45,50.0,16.0,41.0,193432.26490066224,-0.4042444955631328,0.07090726508142886,5.874172185430464,-5.846537935243575,0.015982489816892098,-0.39761147938358055,-0.3059893069602382,-0.5117570051014109,-0.34741799395491113,-0.042507278446357266,121.49457625862664,3.980132450331126
124,2020-05-24,1651471.0,97680.0,20031.0,620.0,-0.3664699858388448,-0.4857862518062123,-0.010884323813765362,-0.35669883713383926,-0.04233669283496556,-0.01993484935546611,0.04949089606532669,46,61.0,16.0,36.0,194643.73913043478,-0.38780896509486423,0.07280907907509437,5.900621118012422,-5.861075593093931,0.006686286452160073,-0.39613152380791516,-0.3073422048254021,-0.5127144062268274,-0.34864374361555855,-0.03358806492161548,121.08605731658393,3.981366459627329
125,2020-05-25,1670571.0,98190.0,19100.0,510.0,-0.38144449730868346,-0.4886647405709898,-0.011324450652444806,-0.3705681685315554,-0.03638897923433148,0.007966621280445684,0.025720705070977207,46,73.0,16.0,37.0,193890.05454545454,-0.39133604321707205,0.07209919765216932,5.909090909090909,-5.854191196331273,0.01176816109925205,-0.3948369218880958,-0.3116413262257409,-0.5129006497660707,-0.3500289271276986,-0.032157031607103814,121.14053644325438,3.981818181818182
126,2020-05-26,1689467.0,98937.0,18896.0,747.0,-0.369135328544429,-0.4869806007118239,-0.012100550487796347,-0.3602133699637802,-0.03329393642197747,0.002117390016546216,0.026981123837429538,53,82.0,17.0,48.0,191789.57055214723,-0.3757900491056324,0.07245591823220288,6.03680981595092,-5.810640238904243,-0.012213991717256567,-0.389661863327025,-0.30578255768140183,-0.5128969524966898,-0.35158839171219386,-0.03941284867347311,121.40482129173922,3.98159509202454
127,2020-05-27,1708211.0,100422.0,18744.0,1485.0,-0.36327835732347535,-0.4874157195103431,-0.01315360296169854,-0.35538604345591496,-0.031723791744903765,0.0007119814533633455,0.026580467708946016,51,64.0,17.0,41.0,192118.8780487805,-0.3609259275638079,0.07120329964773475,6.0,-5.819569836390402,-0.01539370142846408,-0.3885224872982954,-0.30633326746742606,-0.5129407459401284,-0.351922807393774,-0.0383176967955739,121.1519005600319,3.981707317073171
128,2020-05-28,1730723.0,101622.0,22512.0,1200.0,-0.36064181286699704,-0.48839180709266433,-0.01485604372348881,-0.35333348260133585,-0.028361454476599865,-0.0028791952849564397,0.02616157841991259,46,74.0,17.0,38.0,190610.30357142858,-0.3650300944702871,0.06680623228420401,5.994047619047619,-5.871213274253352,-0.027734003402912433,-0.3876333612820353,-0.29582368877985343,-0.5127687372206162,-0.35196887301514446,-0.04080555974563205,120.81121414888209,3.982142857142857
129,2020-05-29,1755271.0,102812.0,24548.0,1190.0,-0.4075900472120708,-0.4900895085032106,-0.01132993444869057,-0.40242868154797296,-0.039405288586803665,0.009814770274293108,0.027067420740947666,43,66.0,15.0,34.0,192390.7973856209,-0.3445454179398105,0.07927483639251398,5.96078431372549,-5.622819716830383,0.002261328063007273,-0.3934590965761529,-0.29467004755669757,-0.5125431888546031,-0.3477266811383938,-0.03228898644964695,122.66472978847125,3.973856209150327
130,2020-05-30,1778668.0,103775.0,23397.0,963.0,-0.3858079333205049,-0.48610114903458823,-0.01390791803292779,-0.3798034804011406,-0.03689991252294326,-0.020595044589856375,0.0453060290659232,37,62.0,15.0,29.0,194035.73291925466,-0.3967088324713312,0.07854820950987684,5.931677018633541,-5.738671866385857,0.0191086467006073,-0.39774394616816366,-0.2974271116577003,-0.5128542988976348,-0.348660513801894,-0.032320984176273826,120.67880886937897,3.968944099378882
131,2020-05-31,1799302.0,104379.0,20634.0,604.0,-0.37190899127785026,-0.4866195139931706,-0.014014803091437877,-0.3674485585720272,-0.03384841411127861,-0.020701029372297935,0.04275511277900435,33,54.0,15.0,25.0,194391.4110429448,-0.41836984020604134,0.07919211455122122,5.932515337423313,-5.768002202094426,0.024595824233663688,-0.3969790412411355,-0.30047205461391713,-0.5129510863617205,-0.34702274754041473,-0.03425333947101905,121.38231208928522,3.9693251533742333
132,2020-06-01,1821199.0,105113.0,21897.0,734.0,-0.38136890438286086,-0.4845824888913145,-0.014118742769442583,-0.3742164765539124,-0.030936272421434638,-0.009334197626346425,0.03262752000260176,39,51.0,15.0,30.0,192161.00609756098,-0.3957831761686785,0.07405086062334454,6.073170731707317,-5.779703982731865,0.015094103449584728,-0.3905767555909784,-0.30104101136986505,-0.5130715477693967,-0.34951427080840813,-0.03732989191752517,121.3159737307636,3.975609756097561
133,2020-06-02,1841990.0,106195.0,20791.0,1082.0,-0.3900129806684217,-0.4890385755150747,-0.014131771221226552,-0.38038031674186923,-0.01534126763075792,0.014297907086951691,0.00339283325697999,38,54.0,15.0,30.0,193457.69512195123,-0.4046567577325816,0.0721850069648079,5.859756097560975,-5.838271055902597,0.045581908327633425,-0.38940419461536857,-0.30160893819913337,-0.5129910166718357,-0.34161670983279835,-0.03270794069801297,121.7904981210075,3.975609756097561
134,2020-06-03,1861977.0,107184.0,19987.0,989.0,-0.39193769551708085,-0.4889780104965251,-0.014619883273450207,-0.3832405682971948,-0.02038111457094842,0.003413225065998537,0.015056038260175443,39,80.0,15.0,33.0,191934.40740740742,-0.3691399596021635,0.07078572963870144,5.919753086419753,-5.808236201942945,0.009523492187916482,-0.38784555264005993,-0.3030244687622168,-0.5129766328996285,-0.34861651410861894,-0.03881164440171664,121.44262993371451,3.9814814814814814
135,2020-06-04,1883593.0,108192.0,21616.0,1008.0,-0.3884429065351698,-0.4879825896929284,-0.015031286243633812,-0.3804139332462103,-0.029117939690944776,-0.0012984501480777406,0.025701837106900716,40,74.0,15.0,32.0,193271.6234567901,-0.3796893812297021,0.07673017408314575,5.9753086419753085,-5.735902868609612,0.0033506526817437265,-0.39258012054129454,-0.3114084193795007,-0.5129766424058013,-0.34813379805923617,-0.03657090366097587,121.14364845223305,3.9814814814814814
136,2020-06-05,1912302.0,109304.0,28709.0,1112.0,-0.39605832203095465,-0.48787865094158794,-0.01735211672978254,-0.3881021533887234,-0.04989491132586423,-0.005514620444989581,0.04638268827447795,39,58.0,15.0,32.0,191991.92682926828,-0.372347819730678,0.0735081776965153,5.932926829268292,-5.798399104683085,0.002898981498365205,-0.3836944385178076,-0.3065318650284017,-0.5130258896596406,-0.3503014659303594,-0.0344762333809398,121.65615665759287,3.981707317073171
137,2020-06-06,1934818.0,110032.0,22516.0,728.0,-0.3789942786481733,-0.4852885495389841,-0.017633698417007126,-0.37084279267411757,-0.04575160258108466,-0.022631657089765184,0.054297811835487264,36,54.0,14.0,26.0,193761.22023809524,-0.3764909913912843,0.07291932752229924,5.892857142857143,-5.840885893300969,0.01988504421613524,-0.3886024089010829,-0.3089532721131868,-0.513075115077759,-0.3502724444437159,-0.030210321650393945,121.62424391078684,3.982142857142857
138,2020-06-07,1953434.0,110422.0,18616.0,390.0,-0.38595050531936437,-0.4875750392653321,-0.01569779550481687,-0.3777157151237329,-0.047911696016144416,-0.004560349389274361,0.044056798562832594,36,64.0,16.0,28.0,193580.9941860465,-0.3744537740911035,0.0734683308445584,6.0,-5.8277279475645365,0.012825243551683352,-0.3886233806618802,-0.3081347300312377,-0.5132393107089883,-0.35046977279366054,-0.029311429070105977,121.63996664057643,3.9825581395348837
139,2020-06-08,1971641.0,111144.0,18207.0,722.0,-0.3899015209993114,-0.48885489987962144,-0.015926031362301085,-0.3838589281750727,-0.04710741291880272,0.010936703091713493,0.03301278743626091,42,51.0,16.0,33.0,191800.1403508772,-0.36906237249757123,0.07133641189990991,6.093567251461988,-5.829515279265882,-0.007370594881609183,-0.38676091976156746,-0.3053578514782662,-0.5132348334194465,-0.35271911319893734,-0.03491671262783752,121.28941193501406,3.982456140350877
140,2020-06-09,1990446.0,112174.0,18805.0,1030.0,-0.38871710491694983,-0.4873695328077829,-0.015582130886759082,-0.38177709996282205,-0.046399718958532024,0.004564922110294537,0.03669292798324213,43,75.0,17.0,32.0,190914.41520467837,-0.37054622587289954,0.06721360488236605,6.035087719298246,-5.865831068739567,-0.01906650131435772,-0.38451939929373113,-0.2985444011858685,-0.513242185115353,-0.35447934711706597,-0.03494010444070306,121.47116047302578,3.982456140350877
141,2020-06-10,2013298.0,113103.0,22852.0,929.0,-0.38879759960842813,-0.4876850472958407,-0.01569721875844421,-0.38307203099882314,-0.051413466158425625,0.0010181709488128864,0.04335059018973017,43,70.0,17.0,34.0,190986.9294117647,-0.3779626688071315,0.06710294096767744,6.029411764705882,-5.864770697222539,-0.016039325531763904,-0.38475595932125095,-0.30059183317761257,-0.5132015601617926,-0.3557296223148644,-0.03725264658036592,121.27748599762157,3.9823529411764707
142,2020-06-11,2036500.0,113980.0,23202.0,877.0,-0.38203460298657543,-0.48605271497694075,-0.0157747533752729,-0.37614781339616327,-0.045975994277337964,-0.003178399940047056,0.04152513399793877,45,73.0,17.0,37.0,190978.9298245614,-0.38014763006620056,0.06833056394669357,6.005847953216374,-5.8575211272190995,-0.01906650131435772,-0.3837808028025031,-0.3019872666829445,-0.5132428231270489,-0.35631794360829405,-0.03399273601965036,121.31830082390297,3.982456140350877
143,2020-06-12,2061993.0,114759.0,25493.0,779.0,-0.38539811303585964,-0.4897648394636886,-0.014533839366660084,-0.3805011172172509,-0.0604927892279742,-0.005598207015414209,0.05549177697810705,45,65.0,16.0,36.0,192275.64534883722,-0.37783811682710366,0.07414274944920962,5.930232558139535,-5.793012831285466,0.012825243551683352,-0.38910186903397326,-0.3127988579382145,-0.5133668646043371,-0.3561116332587768,-0.041945150000338494,120.57632710569271,3.9709302325581395
144,2020-06-13,2087327.0,115451.0,25334.0,692.0,-0.3677776383301953,-0.4866502406748768,-0.016224747989572297,-0.36351255596122384,-0.0509762702969714,-0.029703824915624125,0.0634839542353649,40,64.0,16.0,32.0,193719.7894736842,-0.377441779793543,0.06955863412213215,5.900584795321637,-5.870246273417928,0.02771712441663643,-0.3875837267791113,-0.30849954738469887,-0.5132436566943004,-0.3541746687544929,-0.03450150794947493,120.43151135021876,3.9707602339181287
145,2020-06-14,2106457.0,115768.0,19130.0,317.0,-0.36764680254964216,-0.48896429730611696,-0.01414009164588681,-0.3630563848809214,-0.047332016478237524,-0.011474702353708878,0.04812396449232652,39,60.0,17.0,32.0,193490.41520467837,-0.3820679109048608,0.06912003763090413,5.7894736842105265,-5.904491887453016,0.016021217983887892,-0.3890919139136142,-0.3051679684373305,-0.5132436566943004,-0.3530670664153116,-0.032618467013802444,121.19903766600822,3.9649122807017543
146,2020-06-15,2126574.0,116216.0,20117.0,448.0,-0.38352210136692755,-0.4906620880443849,-0.014471565480371873,-0.3786384143516954,-0.05146053809798513,0.010819595586436451,0.03675254898997557,50,68.0,18.0,38.0,192703.1976744186,-0.3505898189013581,0.06257879596083749,5.866279069767442,-5.906233761518024,-0.01043057040180495,-0.3862408225223454,-0.3044564160777494,-0.5133132273950348,-0.35754942395645123,-0.04318352209336179,120.75551315220434,3.9709302325581395
147,2020-06-16,2151459.0,116985.0,24885.0,769.0,-0.3796045355303418,-0.4900318305265254,-0.014052906271068033,-0.37619921745269186,-0.05296442235089499,0.005108268298273713,0.04184419595797107,51,65.0,18.0,47.0,192064.62790697673,-0.35510227588269183,0.0635846099143258,5.9186046511627906,-5.91746631965756,-0.016244523890177054,-0.38586465973164763,-0.298757578868447,-0.5133685032671278,-0.35689012163086986,-0.04835212674452455,120.33316431499503,3.9709302325581395
148,2020-06-17,2177114.0,117746.0,25655.0,761.0,-0.3704479215554037,-0.4887481684279534,-0.013213881232155389,-0.36800671591211565,-0.05058653796186063,0.002154927512703365,0.04177484727025699,54,73.0,19.0,44.0,192483.28488372092,-0.3515877661183838,0.06525902851897702,5.9476744186046515,-5.909332598727328,-0.004616616913432847,-0.38767221787118256,-0.29650932305449357,-0.513371306115965,-0.3570267495378466,-0.04589282441894316,120.80770501266944,3.9709302325581395
149,2020-06-18,2205173.0,118473.0,28059.0,727.0,-0.3745615111717495,-0.4902444395872598,-0.013295726841664024,-0.37209436562576526,-0.06035715317239843,0.004211574758110532,0.048786345503003,54,85.0,20.0,39.0,192204.7643678161,-0.36184702259086554,0.05989428647139616,5.85632183908046,-6.029841353071086,-0.0049507521713852976,-0.39090074633950656,-0.28686359477328527,-0.5133717391171679,-0.3565176209625993,-0.04520794069801293,120.99640175150934,3.9655172413793105
150,2020-06-19,2236009.0,119171.0,30836.0,698.0,-0.375401604908136,-0.48919971344760993,-0.01283511561231876,-0.3690067780522178,-0.07030221599282883,-0.0214179986301424,0.07451240775354193,58,45.0,19.0,37.0,193945.51497005988,-0.35149864976966216,0.06466718894231638,5.676646706586826,-5.947746921245082,0.00523577133332942,-0.3898059910225542,-0.2986672979187186,-0.5131323437475623,-0.35607507846139486,-0.03853009638663574,121.55855781868533,3.964071856287425
151,2020-06-20,2268034.0,119717.0,32025.0,546.0,-0.36102734615859994,-0.4862842399868421,-0.01546958367940654,-0.35527094595113107,-0.06515000044135168,-0.04077198264815135,0.08309449425291869,55,48.0,19.0,34.0,195575.7514450867,-0.37093951513031825,0.06996288656441318,5.745664739884393,-5.917874573455112,0.021226910442394442,-0.3904602639795305,-0.3075864423581634,-0.5133067787813098,-0.3571533727398899,-0.030822969599747063,121.02738776572767,3.9710982658959537
152,2020-06-21,2294413.0,119974.0,26379.0,257.0,-0.3559120840828991,-0.48868788064972596,-0.01347600733868548,-0.35065883601893055,-0.057426582266093,-0.02253995563210968,0.06426835257831535,47,46.0,19.0,32.0,195725.11560693642,-0.4167091516041701,0.06752358020603166,5.676300578034682,-5.972175151489795,0.00966621680077595,-0.39448800964427033,-0.2990586966934235,-0.5132896946194601,-0.35601811262428296,-0.0314934898309609,120.33927793913806,3.9710982658959537
153,2020-06-22,2324879.0,120334.0,30466.0,360.0,-0.37040947097002425,-0.48873753487582533,-0.012715899581250079,-0.367141168646163,-0.059294582790860986,-0.0021178765293494526,0.05217805219159372,62,60.0,23.0,42.0,193584.76744186046,-0.3907680416390021,0.0631427494492095,5.883720930232558,-5.9868674824482575,0.0011973365749391451,-0.3930018690339733,-0.2980951951475168,-0.5133044641973603,-0.3535994239564513,-0.04481142907010599,119.64300152429735,3.9709302325581395
154,2020-06-23,2359939.0,121167.0,35060.0,833.0,-0.37043572624808724,-0.48898228989463277,-0.012821870668762392,-0.3664220482854956,-0.062456230411880434,-0.010937043008229261,0.060782831359220836,65,59.0,24.0,47.0,192412.36571428573,-0.359596385511464,0.06436932752229918,5.9314285714285715,-5.9603513694914465,-0.01940067006957913,-0.3887041946153686,-0.29585609401794866,-0.5134215535634733,-0.3579737063484778,-0.0426685121265844,119.44195843459636,3.9714285714285715
155,2020-06-24,2396928.0,121934.0,36989.0,767.0,-0.3649319468385702,-0.4881995407233358,-0.01299136754439556,-0.3618922011641894,-0.05829800989065673,-0.013655037234669036,0.05905729375064985,69,70.0,24.0,47.0,192868.28977272726,-0.3555479993432606,0.06810033401580573,6.0,-5.957202181179758,-0.016640929809838778,-0.38787237643355044,-0.29684998531664997,-0.5134596824478889,-0.35826381349133496,-0.03886248615255844,120.13565083719377,3.971590909090909
156,2020-06-25,2438101.0,124400.0,41173.0,2466.0,-0.360526776505805,-0.4861776245144135,-0.013188029569665027,-0.3578334492165365,-0.055613529300803474,-0.026937956956577056,0.06561878255987201,77,73.0,25.0,51.0,192839.61931818182,-0.3684808824967114,0.06845260674307851,5.931818181818182,-5.9410033175433945,-0.016640929809838778,-0.3925206718880959,-0.2969675989530136,-0.5134596969365253,-0.35771779076406224,-0.03628294069801291,119.78814515537557,3.971590909090909
157,2020-06-26,2483629.0,125033.0,45528.0,633.0,-0.3526524780454334,-0.48895754660153434,-0.013701571357798814,-0.35028840651079074,-0.05918809862050912,-0.04564933193320668,0.08131964844898132,84,68.0,26.0,47.0,192878.2409638554,-0.3521005928443672,0.06983972339149036,5.771084337349397,-5.9017147085620145,-0.003565902427582479,-0.385036122326212,-0.3093484806616664,-0.513159615895315,-0.3535783466238651,-0.035432037083555135,120.02265864113681,3.963855421686747
158,2020-06-27,2525928.0,125544.0,42299.0,511.0,-0.3534789207416955,-0.4872587556888752,-0.015017050581863867,-0.3491979928605098,-0.06850136450606668,-0.06080415313600218,0.09946808597763467,72,62.0,26.0,41.0,195907.16279069768,-0.3616540163075128,0.07449158665851197,5.854651162790698,-5.90467562198314,0.0070112900633112485,-0.38742047368513605,-0.3038769393335633,-0.5132880803601511,-0.3601936100029629,-0.027195150000338564,121.50669338476247,3.9709302325581395
159,2020-06-28,2565436.0,125815.0,39508.0,271.0,-0.36103761333330164,-0.49031242970275457,-0.012936951021996212,-0.3571896761107667,-0.06741614605972147,-0.03487322763696403,0.08114046719760536,69,64.0,25.0,42.0,195012.73142857142,-0.3740531075811125,0.0717578989508707,5.8342857142857145,-5.922151369491447,0.009170758501849452,-0.38882705175822574,-0.2977061511608058,-0.513388542877759,-0.360740563491335,-0.029108512126584385,120.97334700602492,3.9714285714285715
160,2020-06-29,2604932.0,126162.0,39496.0,347.0,-0.37002967915757434,-0.4905485119371225,-0.012521807698327891,-0.3670402315030675,-0.06479528886560669,-0.017051063747687906,0.06696315458441261,81,96.0,27.0,50.0,192819.375,-0.33871404979598196,0.05935601583398753,5.875,-6.0221510448161215,-0.005277293446202425,-0.38767805825173224,-0.29293384895301366,-0.513483030288798,-0.3608586998549713,-0.040373849788922,120.69211674628468,3.965909090909091
161,2020-06-30,2653321.0,127462.0,48389.0,1300.0,-0.3578275072412093,-0.49020905555818417,-0.011900308569696927,-0.3557351944490218,-0.06431463000904096,-0.023777785779969734,0.07102806640706125,82,76.0,27.0,50.0,193010.08670520232,-0.3484645098495672,0.056980227604875644,5.820809248554913,-6.031938157270142,-0.0018944768408425405,-0.38881980155178475,-0.29140875449689174,-0.5133699713824659,-0.35820712996532345,-0.04297325861708812,120.48751493335772,3.9653179190751446
